{
    "coverage_collection": 1.805414584,
    "snippet_retrieval": 606.9679107666016
}