{
    "coverage_collection": 1.808221126,
    "snippet_retrieval": 682.8942778110504
}