{
    "coverage_collection": 1.565784167,
    "snippet_retrieval": 208.40458917617798
}