{
    "coverage_collection": 1.838601085,
    "snippet_retrieval": 2967.898067712784
}