{
    "coverage_collection": 2.679430293,
    "snippet_retrieval": 321.6408612728119
}