{
    "coverage_collection": 3.583544669,
    "snippet_retrieval": 170.9001977443695
}