{
    "coverage_collection": 1.546221626,
    "snippet_retrieval": 1160.753253698349
}