{
    "coverage_collection": 1.616957792,
    "snippet_retrieval": 1116.0742478370667
}