{
    "coverage_collection": 1.886552751,
    "snippet_retrieval": 177.80695605278015
}