{
    "coverage_collection": 1.780469418,
    "snippet_retrieval": 654.9109284877777
}