{
    "coverage_collection": 1.569983959,
    "snippet_retrieval": 326.19972467422485
}