{
    "coverage_collection": 2.94012921,
    "snippet_retrieval": 122.8015787601471
}