{
    "coverage_collection": 4.611115877,
    "snippet_retrieval": 2909.3938524723053
}