{
    "coverage_collection": 1.604317668,
    "snippet_retrieval": 74.81386995315552
}