{
    "coverage_collection": 1.985322001,
    "snippet_retrieval": 199.93613505363464
}