{
    "coverage_collection": 2.010263042,
    "snippet_retrieval": 40.49957227706909
}