{
    "coverage_collection": 1.734423584,
    "snippet_retrieval": 503.5853319168091
}