{
    "coverage_collection": 1.733727459,
    "snippet_retrieval": 496.53609681129456
}