{
    "coverage_collection": 1.680004709,
    "snippet_retrieval": 619.8901226520538
}