{
    "coverage_collection": 2.095035376,
    "snippet_retrieval": 39.945337772369385
}