{
    "coverage_collection": 2.362651876,
    "snippet_retrieval": 1068.7176504135132
}