{
    "coverage_collection": 1.762171751,
    "snippet_retrieval": 2554.6812465190887
}