{
    "coverage_collection": 1.938252,
    "snippet_retrieval": 92.12658548355103
}