{
    "coverage_collection": 2.682049654,
    "snippet_retrieval": 121.35848355293274
}