{
    "coverage_collection": 2.330765835,
    "snippet_retrieval": 81.84956097602844
}