{
    "coverage_collection": 1.97917675,
    "snippet_retrieval": 38.77590012550354
}