{
    "coverage_collection": 1.754015918,
    "snippet_retrieval": 91.9074923992157
}