{
    "coverage_collection": 5.575281711,
    "snippet_retrieval": 3177.4867997169495
}