{
    "coverage_collection": 2.402770376,
    "snippet_retrieval": 2554.804347038269
}