{
    "coverage_collection": 4.558814918,
    "snippet_retrieval": 2986.8651061058044
}