{
    "coverage_collection": 2.148007862,
    "snippet_retrieval": 1917.452918767929
}